,código,distrito,partido,votos,% votos,mandatos
0,10000,Aveiro,AD/IL,170532.0,40.24,8
1,10000,Aveiro,B.E.,17358.0,4.1,0
2,10000,Aveiro,CH,73110.0,17.25,3
3,10000,Aveiro,L,9510.0,2.24,0
4,10000,Aveiro,Outros,5402.0,1.28,0
5,10000,Aveiro,PAN,7300.0,1.72,0
6,10000,Aveiro,PCP-PEV,5850.0,1.38,0
7,10000,Aveiro,PS,117348.0,27.69,5
8,20000,Beja,AD/IL,14598.0,18.959999999999997,1
9,20000,Beja,B.E.,3393.0,4.41,0
10,20000,Beja,CH,16595.0,21.55,1
11,20000,Beja,L,1369.0,1.78,0
12,20000,Beja,Outros,1153.0,1.5,0
13,20000,Beja,PAN,943.0,1.22,0
14,20000,Beja,PCP-PEV,11570.0,15.03,0
15,20000,Beja,PS,24408.0,31.7,1
16,30000,Braga,AD/IL,218398.0,39.26,9
17,30000,Braga,B.E.,21388.0,3.84,0
18,30000,Braga,CH,93826.0,16.86,4
19,30000,Braga,L,12926.0,2.32,0
20,30000,Braga,Outros,9830.0,1.77,0
21,30000,Braga,PAN,7935.0,1.43,0
22,30000,Braga,PCP-PEV,10136.0,1.82,0
23,30000,Braga,PS,157099.0,28.24,6
24,40000,Bragança,AD/IL,30322.0,41.72,2
25,40000,Bragança,B.E.,1404.0,1.93,0
26,40000,Bragança,CH,13216.0,18.19,0
27,40000,Bragança,L,727.0,1.0,0
28,40000,Bragança,Outros,1244.0,1.7,0
29,40000,Bragança,PCP-PEV,773.0,1.06,0
30,40000,Bragança,PS,21538.0,29.64,1
31,50000,Castelo Branco,AD/IL,33762.0,31.18,1
32,50000,Castelo Branco,B.E.,4451.0,4.11,0
33,50000,Castelo Branco,CH,21131.0,19.52,1
34,50000,Castelo Branco,L,2171.0,2.01,0
35,50000,Castelo Branco,Outros,1391.0,1.29,0
36,50000,Castelo Branco,PAN,1427.0,1.32,0
37,50000,Castelo Branco,PCP-PEV,2372.0,2.19,0
38,50000,Castelo Branco,PS,37052.0,34.22,2
39,60000,Coimbra,AD/IL,83606.0,34.54,4
40,60000,Coimbra,B.E.,12334.0,5.1,0
41,60000,Coimbra,CH,37412.0,15.46,1
42,60000,Coimbra,L,6880.0,2.84,0
43,60000,Coimbra,Outros,2246.0,0.94,0
44,60000,Coimbra,PAN,3835.0,1.58,0
45,60000,Coimbra,PCP-PEV,6816.0,2.82,0
46,60000,Coimbra,PS,79086.0,32.67,4
47,70000,Évora,AD/IL,22276.0,24.92,1
48,70000,Évora,B.E.,3816.0,4.27,0
49,70000,Évora,CH,17846.0,19.96,1
50,70000,Évora,L,1773.0,1.98,0
51,70000,Évora,Outros,1544.0,1.74,0
52,70000,Évora,PAN,991.0,1.11,0
53,70000,Évora,PCP-PEV,9771.0,10.93,0
54,70000,Évora,PS,29309.0,32.79,1
55,80000,Faro,AD/IL,63646.0,26.95,3
56,80000,Faro,B.E.,13579.0,5.75,0
57,80000,Faro,CH,64228.0,27.19,3
58,80000,Faro,L,6501.0,2.75,0
59,80000,Faro,Outros,3388.0,1.43,0
60,80000,Faro,PAN,6098.0,2.58,0
61,80000,Faro,PCP-PEV,7518.0,3.18,0
62,80000,Faro,PS,60123.0,25.46,3
63,90000,Guarda,AD/IL,30946.0,36.37,1
64,90000,Guarda,B.E.,2300.0,2.7,0
65,90000,Guarda,CH,15821.0,18.59,1
66,90000,Guarda,L,1151.0,1.35,0
67,90000,Guarda,Outros,1760.0,2.06,0
68,90000,Guarda,PCP-PEV,1331.0,1.56,0
69,90000,Guarda,PS,27117.0,31.86,1
70,100000,Leiria,AD/IL,111757.0,40.86,5
71,100000,Leiria,B.E.,11736.0,4.29,0
72,100000,Leiria,CH,53764.0,19.66,2
73,100000,Leiria,L,7197.0,2.63,0
74,100000,Leiria,Outros,3080.0,1.12,0
75,100000,Leiria,PAN,4645.0,1.7,0
76,100000,Leiria,PCP-PEV,6600.0,2.41,0
77,100000,Leiria,PS,61535.0,22.5,3
78,110000,Lisboa,AD/IL,443358.0,33.61,18
79,110000,Lisboa,B.E.,65421.0,4.96,2
80,110000,Lisboa,CH,224493.0,17.02,9
81,110000,Lisboa,L,72104.0,5.47,2
82,110000,Lisboa,Outros,17073.0,1.3,0
83,110000,Lisboa,PAN,32824.0,2.49,1
84,110000,Lisboa,PCP-PEV,49341.0,3.74,2
85,110000,Lisboa,PS,365793.0,27.73,14
86,120000,Portalegre,AD/IL,15278.0,25.19,1
87,120000,Portalegre,B.E.,1894.0,3.12,0
88,120000,Portalegre,CH,14915.0,24.59,0
89,120000,Portalegre,L,873.0,1.44,0
90,120000,Portalegre,Outros,1244.0,2.05,0
91,120000,Portalegre,PCP-PEV,3604.0,5.94,0
92,120000,Portalegre,PS,20658.0,34.05,1
93,130000,Porto,AD/IL,403146.0,36.15,16
94,130000,Porto,B.E.,51909.0,4.66,2
95,130000,Porto,CH,170910.0,15.33,7
96,130000,Porto,L,37319.0,3.35,1
97,130000,Porto,Outros,18718.0,1.68,0
98,130000,Porto,PAN,23415.0,2.1,0
99,130000,Porto,PCP-PEV,26500.0,2.38,1
100,130000,Porto,PS,338084.0,30.32,13
101,140000,Santarém,AD/IL,77985.0,31.060000000000002,3
102,140000,Santarém,B.E.,11204.0,4.46,0
103,140000,Santarém,CH,58554.0,23.32,3
104,140000,Santarém,L,6186.0,2.46,0
105,140000,Santarém,Outros,2639.0,1.05,0
106,140000,Santarém,PAN,3926.0,1.56,0
107,140000,Santarém,PCP-PEV,10343.0,4.12,0
108,140000,Santarém,PS,69915.0,27.85,3
109,150000,Setúbal,AD/IL,113238.0,22.53,5
110,150000,Setúbal,B.E.,30161.0,6.0,1
111,150000,Setúbal,CH,102077.0,20.31,4
112,150000,Setúbal,L,21552.0,4.29,1
113,150000,Setúbal,Outros,7705.0,1.54,0
114,150000,Setúbal,PAN,12856.0,2.56,0
115,150000,Setúbal,PCP-PEV,38841.0,7.73,1
116,150000,Setúbal,PS,157166.0,31.27,7
117,160000,Viana do Castelo,AD/IL,54719.0,38.29,2
118,160000,Viana do Castelo,B.E.,4926.0,3.45,0
119,160000,Viana do Castelo,CH,26635.0,18.64,1
120,160000,Viana do Castelo,L,2813.0,1.97,0
121,160000,Viana do Castelo,Outros,1936.0,1.35,0
122,160000,Viana do Castelo,PAN,2057.0,1.44,0
123,160000,Viana do Castelo,PCP-PEV,3106.0,2.17,0
124,160000,Viana do Castelo,PS,40237.0,28.15,2
125,170000,Vila Real,AD/IL,48418.0,41.36,2
126,170000,Vila Real,B.E.,2865.0,2.45,0
127,170000,Vila Real,CH,20032.0,17.11,1
128,170000,Vila Real,L,1592.0,1.36,0
129,170000,Vila Real,Outros,1898.0,1.62,0
130,170000,Vila Real,PCP-PEV,1599.0,1.37,0
131,170000,Vila Real,PS,34654.0,29.6,2
132,180000,Viseu,AD/IL,82875.0,39.17,4
133,180000,Viseu,B.E.,5846.0,2.76,0
134,180000,Viseu,CH,41159.0,19.45,2
135,180000,Viseu,L,3566.0,1.69,0
136,180000,Viseu,Outros,2060.0,0.97,0
137,180000,Viseu,PAN,2554.0,1.21,0
138,180000,Viseu,PCP-PEV,2905.0,1.37,0
139,180000,Viseu,PS,58077.0,27.45,2
140,300000,Madeira,AD/IL,58819.0,39.27,3
141,300000,Madeira,B.E.,4404.0,2.94,0
142,300000,Madeira,CH,26296.0,17.56,1
143,300000,Madeira,L,1864.0,1.24,0
144,300000,Madeira,Outros,2950.0,1.96,0
145,300000,Madeira,PAN,3127.0,2.09,0
146,300000,Madeira,PCP-PEV,2429.0,1.62,0
147,300000,Madeira,PS,29723.0,19.84,2
148,400000,Açores,AD/IL,45225.0,42.550000000000004,2
149,400000,Açores,B.E.,3622.0,3.41,0
150,400000,Açores,CH,16744.0,15.76,1
151,400000,Açores,L,1816.0,1.71,0
152,400000,Açores,Outros,1346.0,1.27,0
153,400000,Açores,PAN,1654.0,1.56,0
154,400000,Açores,PCP-PEV,1160.0,1.09,0
155,400000,Açores,PS,31015.0,29.18,2
